/*
SQLyog Ultimate v12.08 (64 bit)
MySQL - 5.5.58 : Database - forum
*********************************************************************
*/

/*!40101 SET NAMES utf8 */;

/*!40101 SET SQL_MODE=''*/;

/*!40014 SET @OLD_UNIQUE_CHECKS=@@UNIQUE_CHECKS, UNIQUE_CHECKS=0 */;
/*!40014 SET @OLD_FOREIGN_KEY_CHECKS=@@FOREIGN_KEY_CHECKS, FOREIGN_KEY_CHECKS=0 */;
/*!40101 SET @OLD_SQL_MODE=@@SQL_MODE, SQL_MODE='NO_AUTO_VALUE_ON_ZERO' */;
/*!40111 SET @OLD_SQL_NOTES=@@SQL_NOTES, SQL_NOTES=0 */;
CREATE DATABASE /*!32312 IF NOT EXISTS*/`forum` /*!40100 DEFAULT CHARACTER SET utf8 */;

USE `forum`;

/*Table structure for table `login_log` */

DROP TABLE IF EXISTS `login_log`;

CREATE TABLE `login_log` (
  `id` bigint(20) NOT NULL AUTO_INCREMENT COMMENT '日志id',
  `user_id` int(11) NOT NULL COMMENT '用户id',
  `login_time` timestamp NOT NULL DEFAULT CURRENT_TIMESTAMP ON UPDATE CURRENT_TIMESTAMP COMMENT '登陆时间',
  `ip` varchar(30) NOT NULL COMMENT '登陆IP',
  `device` varchar(200) DEFAULT NULL COMMENT '设备',
  PRIMARY KEY (`id`)
) ENGINE=MyISAM AUTO_INCREMENT=155 DEFAULT CHARSET=utf8mb4;

/*Data for the table `login_log` */

insert  into `login_log`(`id`,`user_id`,`login_time`,`ip`,`device`) values (1,4,'2018-01-19 17:50:44','0:0:0:0:0:0:0:1','WOW64) AppleWebKit/537.36 (KHTML, like Gecko) Chrome/63.0.3239.132 Safari/537.36'),(2,4,'2018-01-19 17:51:37','0:0:0:0:0:0:0:1','WOW64) AppleWebKit/537.36 (KHTML, like Gecko) Chrome/63.0.3239.132 Safari/537.36'),(3,4,'2018-01-19 17:54:59','0:0:0:0:0:0:0:1','WOW64) AppleWebKit/537.36 (KHTML, like Gecko) Chrome/63.0.3239.132 Safari/537.36'),(4,4,'2018-01-19 18:01:51','0:0:0:0:0:0:0:1','Win64'),(5,4,'2018-01-19 18:07:26','0:0:0:0:0:0:0:1','WOW64) AppleWebKit/537.36 (KHTML, like Gecko) Chrome/63.0.3239.132 Safari/537.36'),(6,4,'2018-01-19 18:24:16','0:0:0:0:0:0:0:1','WOW64) AppleWebKit/537.36 (KHTML, like Gecko) Chrome/63.0.3239.132 Safari/537.36'),(7,4,'2018-01-19 18:32:37','0:0:0:0:0:0:0:1','WOW64) AppleWebKit/537.36 (KHTML, like Gecko) Chrome/63.0.3239.132 Safari/537.36'),(8,4,'2018-01-19 18:32:58','0:0:0:0:0:0:0:1','WOW64) AppleWebKit/537.36 (KHTML, like Gecko) Chrome/63.0.3239.132 Safari/537.36'),(9,4,'2018-01-19 20:07:36','0:0:0:0:0:0:0:1','WOW64) AppleWebKit/537.36 (KHTML, like Gecko) Chrome/63.0.3239.132 Safari/537.36'),(10,4,'2018-01-19 20:53:28','0:0:0:0:0:0:0:1','WOW64) AppleWebKit/537.36 (KHTML, like Gecko) Chrome/63.0.3239.132 Safari/537.36'),(11,4,'2018-01-20 10:49:24','0:0:0:0:0:0:0:1','WOW64) AppleWebKit/537.36 (KHTML, like Gecko) Chrome/63.0.3239.132 Safari/537.36'),(12,4,'2018-01-20 11:13:57','0:0:0:0:0:0:0:1','WOW64) AppleWebKit/537.36 (KHTML, like Gecko) Chrome/63.0.3239.132 Safari/537.36'),(13,4,'2018-01-20 11:50:44','0:0:0:0:0:0:0:1','WOW64) AppleWebKit/537.36 (KHTML, like Gecko) Chrome/63.0.3239.132 Safari/537.36'),(14,4,'2018-01-20 11:54:05','0:0:0:0:0:0:0:1','WOW64) AppleWebKit/537.36 (KHTML, like Gecko) Chrome/63.0.3239.132 Safari/537.36'),(15,4,'2018-01-20 14:00:54','0:0:0:0:0:0:0:1','WOW64) AppleWebKit/537.36 (KHTML, like Gecko) Chrome/63.0.3239.132 Safari/537.36'),(16,4,'2018-01-20 14:03:04','0:0:0:0:0:0:0:1','WOW64) AppleWebKit/537.36 (KHTML, like Gecko) Chrome/63.0.3239.132 Safari/537.36'),(17,3,'2018-01-20 14:21:55','0:0:0:0:0:0:0:1','WOW64) AppleWebKit/537.36 (KHTML, like Gecko) Chrome/63.0.3239.132 Safari/537.36'),(18,4,'2018-01-20 15:04:02','0:0:0:0:0:0:0:1','WOW64) AppleWebKit/537.36 (KHTML, like Gecko) Chrome/63.0.3239.132 Safari/537.36'),(19,3,'2018-01-20 16:09:58','0:0:0:0:0:0:0:1','WOW64) AppleWebKit/537.36 (KHTML, like Gecko) Chrome/63.0.3239.132 Safari/537.36'),(20,4,'2018-01-20 18:30:48','0:0:0:0:0:0:0:1','WOW64) AppleWebKit/537.36 (KHTML, like Gecko) Chrome/63.0.3239.132 Safari/537.36'),(21,3,'2018-01-20 19:06:34','0:0:0:0:0:0:0:1','WOW64) AppleWebKit/537.36 (KHTML, like Gecko) Chrome/63.0.3239.132 Safari/537.36'),(22,4,'2018-01-20 20:13:21','0:0:0:0:0:0:0:1','WOW64) AppleWebKit/537.36 (KHTML, like Gecko) Chrome/63.0.3239.132 Safari/537.36'),(23,4,'2018-01-20 20:16:14','0:0:0:0:0:0:0:1','Win64'),(24,4,'2018-01-21 10:07:31','0:0:0:0:0:0:0:1','WOW64) AppleWebKit/537.36 (KHTML, like Gecko) Chrome/63.0.3239.132 Safari/537.36'),(25,4,'2018-01-21 13:25:29','0:0:0:0:0:0:0:1','WOW64) AppleWebKit/537.36 (KHTML, like Gecko) Chrome/63.0.3239.132 Safari/537.36'),(26,4,'2018-01-24 10:12:07','0:0:0:0:0:0:0:1','WOW64) AppleWebKit/537.36 (KHTML, like Gecko) Chrome/63.0.3239.132 Safari/537.36'),(27,4,'2018-01-24 13:49:59','0:0:0:0:0:0:0:1','WOW64) AppleWebKit/537.36 (KHTML, like Gecko) Chrome/63.0.3239.132 Safari/537.36'),(28,4,'2018-01-24 13:56:08','0:0:0:0:0:0:0:1','WOW64) AppleWebKit/537.36 (KHTML, like Gecko) Chrome/63.0.3239.132 Safari/537.36'),(29,4,'2018-01-24 14:00:49','0:0:0:0:0:0:0:1','WOW64) AppleWebKit/537.36 (KHTML, like Gecko) Chrome/63.0.3239.132 Safari/537.36'),(30,4,'2018-01-24 14:01:06','0:0:0:0:0:0:0:1','WOW64) AppleWebKit/537.36 (KHTML, like Gecko) Chrome/63.0.3239.132 Safari/537.36'),(31,4,'2018-01-24 14:07:04','0:0:0:0:0:0:0:1','WOW64) AppleWebKit/537.36 (KHTML, like Gecko) Chrome/63.0.3239.132 Safari/537.36'),(32,4,'2018-01-24 14:45:35','0:0:0:0:0:0:0:1','WOW64) AppleWebKit/537.36 (KHTML, like Gecko) Chrome/63.0.3239.132 Safari/537.36'),(33,4,'2018-01-24 15:32:07','0:0:0:0:0:0:0:1','WOW64) AppleWebKit/537.36 (KHTML, like Gecko) Chrome/63.0.3239.132 Safari/537.36'),(34,4,'2018-01-24 15:33:58','0:0:0:0:0:0:0:1','WOW64) AppleWebKit/537.36 (KHTML, like Gecko) Chrome/63.0.3239.132 Safari/537.36'),(35,4,'2018-01-24 15:49:06','0:0:0:0:0:0:0:1','WOW64) AppleWebKit/537.36 (KHTML, like Gecko) Chrome/63.0.3239.132 Safari/537.36'),(36,4,'2018-01-24 16:51:49','0:0:0:0:0:0:0:1','WOW64) AppleWebKit/537.36 (KHTML, like Gecko) Chrome/63.0.3239.132 Safari/537.36'),(37,4,'2018-01-24 17:28:27','0:0:0:0:0:0:0:1','WOW64) AppleWebKit/537.36 (KHTML, like Gecko) Chrome/63.0.3239.132 Safari/537.36'),(38,4,'2018-01-24 17:39:12','0:0:0:0:0:0:0:1','WOW64) AppleWebKit/537.36 (KHTML, like Gecko) Chrome/63.0.3239.132 Safari/537.36'),(39,4,'2018-01-24 18:53:04','0:0:0:0:0:0:0:1','WOW64) AppleWebKit/537.36 (KHTML, like Gecko) Chrome/63.0.3239.132 Safari/537.36'),(40,4,'2018-01-24 20:33:56','0:0:0:0:0:0:0:1','WOW64) AppleWebKit/537.36 (KHTML, like Gecko) Chrome/63.0.3239.132 Safari/537.36'),(41,4,'2018-01-25 11:48:10','0:0:0:0:0:0:0:1','WOW64) AppleWebKit/537.36 (KHTML, like Gecko) Chrome/64.0.3282.119 Safari/537.36'),(42,4,'2018-01-25 11:56:35','0:0:0:0:0:0:0:1','WOW64) AppleWebKit/537.36 (KHTML, like Gecko) Chrome/64.0.3282.119 Safari/537.36'),(43,4,'2018-01-25 18:55:14','0:0:0:0:0:0:0:1','WOW64) AppleWebKit/537.36 (KHTML, like Gecko) Chrome/64.0.3282.119 Safari/537.36'),(44,4,'2018-01-31 19:06:35','0:0:0:0:0:0:0:1','WOW64) AppleWebKit/537.36 (KHTML, like Gecko) Chrome/64.0.3282.119 Safari/537.36'),(45,2,'2018-01-31 20:14:32','0:0:0:0:0:0:0:1','WOW64) AppleWebKit/537.36 (KHTML, like Gecko) Chrome/64.0.3282.119 Safari/537.36'),(46,2,'2018-01-31 20:16:54','0:0:0:0:0:0:0:1','WOW64) AppleWebKit/537.36 (KHTML, like Gecko) Chrome/64.0.3282.119 Safari/537.36'),(47,4,'2018-02-02 15:28:24','0:0:0:0:0:0:0:1','WOW64) AppleWebKit/537.36 (KHTML, like Gecko) Chrome/64.0.3282.140 Safari/537.36'),(48,1,'2018-02-02 20:21:00','0:0:0:0:0:0:0:1','WOW64) AppleWebKit/537.36 (KHTML, like Gecko) Chrome/64.0.3282.140 Safari/537.36'),(49,1,'2018-02-02 20:25:27','0:0:0:0:0:0:0:1','WOW64) AppleWebKit/537.36 (KHTML, like Gecko) Chrome/64.0.3282.140 Safari/537.36'),(50,1,'2018-02-02 21:25:08','0:0:0:0:0:0:0:1','WOW64) AppleWebKit/537.36 (KHTML, like Gecko) Chrome/64.0.3282.140 Safari/537.36'),(51,4,'2018-02-02 22:44:04','0:0:0:0:0:0:0:1','WOW64) AppleWebKit/537.36 (KHTML, like Gecko) Chrome/64.0.3282.140 Safari/537.36'),(52,4,'2018-02-02 22:45:51','0:0:0:0:0:0:0:1','WOW64) AppleWebKit/537.36 (KHTML, like Gecko) Chrome/64.0.3282.140 Safari/537.36'),(53,4,'2018-02-02 22:45:59','0:0:0:0:0:0:0:1','WOW64) AppleWebKit/537.36 (KHTML, like Gecko) Chrome/64.0.3282.140 Safari/537.36'),(54,4,'2018-02-02 22:53:12','0:0:0:0:0:0:0:1','WOW64) AppleWebKit/537.36 (KHTML, like Gecko) Chrome/64.0.3282.140 Safari/537.36'),(55,4,'2018-02-02 22:54:50','0:0:0:0:0:0:0:1','WOW64) AppleWebKit/537.36 (KHTML, like Gecko) Chrome/64.0.3282.140 Safari/537.36'),(56,4,'2018-02-02 22:55:00','0:0:0:0:0:0:0:1','WOW64) AppleWebKit/537.36 (KHTML, like Gecko) Chrome/64.0.3282.140 Safari/537.36'),(57,4,'2018-02-03 10:17:27','0:0:0:0:0:0:0:1','WOW64) AppleWebKit/537.36 (KHTML, like Gecko) Chrome/64.0.3282.140 Safari/537.36'),(58,4,'2018-02-03 12:07:16','0:0:0:0:0:0:0:1','WOW64) AppleWebKit/537.36 (KHTML, like Gecko) Chrome/64.0.3282.140 Safari/537.36'),(59,4,'2018-02-08 19:37:41','0:0:0:0:0:0:0:1','WOW64) AppleWebKit/537.36 (KHTML, like Gecko) Chrome/64.0.3282.140 Safari/537.36'),(60,4,'2018-02-08 20:17:40','0:0:0:0:0:0:0:1','WOW64) AppleWebKit/537.36 (KHTML, like Gecko) Chrome/64.0.3282.140 Safari/537.36'),(61,4,'2018-02-08 21:04:12','0:0:0:0:0:0:0:1','WOW64) AppleWebKit/537.36 (KHTML, like Gecko) Chrome/64.0.3282.140 Safari/537.36'),(62,4,'2018-02-08 21:15:00','0:0:0:0:0:0:0:1','WOW64) AppleWebKit/537.36 (KHTML, like Gecko) Chrome/64.0.3282.140 Safari/537.36'),(63,4,'2018-02-08 21:18:10','0:0:0:0:0:0:0:1','WOW64) AppleWebKit/537.36 (KHTML, like Gecko) Chrome/64.0.3282.140 Safari/537.36'),(64,4,'2018-02-08 21:18:26','0:0:0:0:0:0:0:1','WOW64) AppleWebKit/537.36 (KHTML, like Gecko) Chrome/64.0.3282.140 Safari/537.36'),(65,4,'2018-02-08 21:25:18','0:0:0:0:0:0:0:1','WOW64) AppleWebKit/537.36 (KHTML, like Gecko) Chrome/64.0.3282.140 Safari/537.36'),(66,4,'2018-02-08 21:33:42','0:0:0:0:0:0:0:1','WOW64) AppleWebKit/537.36 (KHTML, like Gecko) Chrome/64.0.3282.140 Safari/537.36'),(67,4,'2018-02-08 21:41:53','0:0:0:0:0:0:0:1','WOW64) AppleWebKit/537.36 (KHTML, like Gecko) Chrome/64.0.3282.140 Safari/537.36'),(68,4,'2018-02-08 21:43:03','0:0:0:0:0:0:0:1','WOW64) AppleWebKit/537.36 (KHTML, like Gecko) Chrome/64.0.3282.140 Safari/537.36'),(69,1,'2018-02-08 22:31:35','0:0:0:0:0:0:0:1','WOW64) AppleWebKit/537.36 (KHTML, like Gecko) Chrome/64.0.3282.140 Safari/537.36'),(70,1,'2018-02-08 23:06:40','0:0:0:0:0:0:0:1','WOW64) AppleWebKit/537.36 (KHTML, like Gecko) Chrome/64.0.3282.140 Safari/537.36'),(71,1,'2018-02-09 11:17:36','0:0:0:0:0:0:0:1','WOW64) AppleWebKit/537.36 (KHTML, like Gecko) Chrome/64.0.3282.140 Safari/537.36'),(72,1,'2018-02-09 12:21:04','0:0:0:0:0:0:0:1','WOW64) AppleWebKit/537.36 (KHTML, like Gecko) Chrome/64.0.3282.140 Safari/537.36'),(73,1,'2018-02-09 12:22:44','0:0:0:0:0:0:0:1','WOW64) AppleWebKit/537.36 (KHTML, like Gecko) Chrome/64.0.3282.140 Safari/537.36'),(74,1,'2018-02-09 12:32:29','0:0:0:0:0:0:0:1','WOW64) AppleWebKit/537.36 (KHTML, like Gecko) Chrome/64.0.3282.140 Safari/537.36'),(75,6,'2018-02-09 12:36:54','0:0:0:0:0:0:0:1','WOW64) AppleWebKit/537.36 (KHTML, like Gecko) Chrome/64.0.3282.140 Safari/537.36'),(76,6,'2018-02-09 15:25:36','0:0:0:0:0:0:0:1','WOW64) AppleWebKit/537.36 (KHTML, like Gecko) Chrome/64.0.3282.140 Safari/537.36'),(77,6,'2018-02-09 15:29:52','0:0:0:0:0:0:0:1','WOW64) AppleWebKit/537.36 (KHTML, like Gecko) Chrome/64.0.3282.140 Safari/537.36'),(78,6,'2018-02-09 15:43:54','0:0:0:0:0:0:0:1','WOW64) AppleWebKit/537.36 (KHTML, like Gecko) Chrome/64.0.3282.140 Safari/537.36'),(79,6,'2018-02-09 15:50:19','0:0:0:0:0:0:0:1','WOW64) AppleWebKit/537.36 (KHTML, like Gecko) Chrome/64.0.3282.140 Safari/537.36'),(80,7,'2019-07-15 15:55:40','127.0.0.1','CHROME'),(81,7,'2019-07-15 16:12:26','127.0.0.1','CHROME'),(82,7,'2019-07-15 16:18:26','127.0.0.1','CHROME'),(83,7,'2019-07-15 16:20:54','127.0.0.1','CHROME'),(84,7,'2019-07-15 16:25:45','127.0.0.1','CHROME'),(85,7,'2019-07-15 16:28:41','127.0.0.1','CHROME'),(86,7,'2019-07-15 16:29:35','127.0.0.1','CHROME'),(87,7,'2019-07-15 16:34:55','127.0.0.1','CHROME'),(88,7,'2019-07-15 16:34:55','127.0.0.1','CHROME'),(89,7,'2019-07-16 16:05:14','127.0.0.1','CHROME'),(90,7,'2019-07-16 20:02:49','127.0.0.1','CHROME'),(91,7,'2019-07-16 20:05:41','127.0.0.1','CHROME'),(92,7,'2019-07-16 20:33:45','127.0.0.1','CHROME'),(93,7,'2019-07-16 20:41:20','127.0.0.1','CHROME'),(94,7,'2019-07-16 20:48:33','127.0.0.1','CHROME'),(95,7,'2019-07-16 20:50:21','127.0.0.1','CHROME'),(96,7,'2019-07-16 20:52:19','127.0.0.1','CHROME'),(97,7,'2019-07-16 20:55:47','127.0.0.1','CHROME'),(98,7,'2019-07-16 20:55:47','127.0.0.1','CHROME'),(99,7,'2019-07-16 20:57:28','127.0.0.1','CHROME'),(100,7,'2019-07-16 20:59:59','127.0.0.1','CHROME'),(101,7,'2019-07-16 21:02:36','127.0.0.1','CHROME'),(102,7,'2019-07-16 21:03:51','127.0.0.1','CHROME'),(103,7,'2019-07-16 21:53:08','127.0.0.1','CHROME'),(104,7,'2019-07-16 22:00:20','127.0.0.1','CHROME'),(105,7,'2019-07-16 22:01:45','127.0.0.1','CHROME'),(106,7,'2019-07-16 22:04:41','127.0.0.1','CHROME'),(107,7,'2019-07-18 15:23:08','127.0.0.1','CHROME'),(108,7,'2019-07-18 15:24:12','127.0.0.1','CHROME'),(109,7,'2019-07-18 15:25:27','127.0.0.1','CHROME'),(110,7,'2019-07-18 15:27:40','127.0.0.1','CHROME'),(111,7,'2019-07-18 15:29:44','127.0.0.1','CHROME'),(112,7,'2019-07-18 15:33:16','127.0.0.1','CHROME'),(113,7,'2019-07-18 15:38:13','127.0.0.1','CHROME'),(114,7,'2019-07-18 15:39:55','127.0.0.1','CHROME'),(115,7,'2019-07-18 15:41:17','127.0.0.1','CHROME'),(116,7,'2019-07-18 16:01:45','127.0.0.1','CHROME'),(117,7,'2019-07-18 16:04:27','127.0.0.1','CHROME'),(118,7,'2019-07-18 16:08:22','127.0.0.1','CHROME'),(119,7,'2019-07-18 16:12:18','127.0.0.1','CHROME'),(120,7,'2019-07-18 16:13:04','127.0.0.1','CHROME'),(121,7,'2019-07-18 16:14:25','127.0.0.1','CHROME'),(122,7,'2019-07-18 16:20:33','127.0.0.1','CHROME'),(123,7,'2019-07-18 16:24:14','127.0.0.1','CHROME'),(124,23,'2019-07-18 16:29:28','127.0.0.1','CHROME'),(125,23,'2019-07-18 16:30:27','127.0.0.1','CHROME'),(126,23,'2019-07-18 16:32:18','127.0.0.1','CHROME'),(127,23,'2019-07-18 16:35:00','127.0.0.1','CHROME'),(128,23,'2019-07-18 16:36:02','127.0.0.1','CHROME'),(129,23,'2019-07-18 16:37:53','127.0.0.1','CHROME'),(130,23,'2019-07-18 16:39:02','127.0.0.1','CHROME'),(131,23,'2019-07-18 16:46:15','127.0.0.1','CHROME'),(132,23,'2019-07-18 16:52:43','127.0.0.1','CHROME'),(133,23,'2019-07-18 16:57:39','127.0.0.1','CHROME'),(134,23,'2019-07-18 17:16:12','127.0.0.1','CHROME'),(135,23,'2019-07-18 23:42:09','127.0.0.1','CHROME'),(136,7,'2019-07-18 23:43:16','127.0.0.1','CHROME'),(137,23,'2019-07-18 23:45:57','127.0.0.1','CHROME'),(138,23,'2019-07-18 23:48:23','127.0.0.1','CHROME'),(139,23,'2019-07-19 00:00:58','127.0.0.1','CHROME'),(140,7,'2019-07-20 08:51:24','127.0.0.1','CHROME'),(141,24,'2019-07-20 08:51:58','127.0.0.1','CHROME'),(142,24,'2019-07-20 09:05:07','127.0.0.1','CHROME'),(143,7,'2019-07-22 08:32:30','127.0.0.1','CHROME'),(144,7,'2019-07-22 08:38:52','127.0.0.1','CHROME'),(145,7,'2019-07-22 08:40:10','127.0.0.1','CHROME'),(146,7,'2019-07-22 08:42:00','127.0.0.1','CHROME'),(147,7,'2019-07-22 08:43:56','127.0.0.1','CHROME'),(148,7,'2019-07-22 08:44:58','127.0.0.1','CHROME'),(149,7,'2019-07-22 08:46:04','127.0.0.1','CHROME'),(150,7,'2019-07-22 08:47:15','127.0.0.1','CHROME'),(151,23,'2019-07-22 08:47:30','127.0.0.1','CHROME'),(152,23,'2019-07-22 08:48:21','127.0.0.1','CHROME'),(153,23,'2019-07-22 09:40:12','127.0.0.1','CHROME'),(154,23,'2019-07-23 19:00:36','127.0.0.1','CHROME');

/*Table structure for table `reply` */

DROP TABLE IF EXISTS `reply`;

CREATE TABLE `reply` (
  `id` bigint(20) NOT NULL AUTO_INCREMENT COMMENT '回复id',
  `topic_id` int(11) NOT NULL COMMENT '主题id',
  `reply_user_id` int(11) NOT NULL COMMENT '用户id',
  `content` text CHARACTER SET utf8mb4 NOT NULL COMMENT '回复内容',
  `create_time` timestamp NULL DEFAULT NULL COMMENT '创建时间',
  `update_time` timestamp NULL DEFAULT CURRENT_TIMESTAMP ON UPDATE CURRENT_TIMESTAMP COMMENT '修改时间',
  `device` varchar(20) CHARACTER SET utf8mb4 DEFAULT NULL COMMENT '设备',
  PRIMARY KEY (`id`)
) ENGINE=MyISAM AUTO_INCREMENT=31 DEFAULT CHARSET=utf8mb4 COLLATE=utf8mb4_unicode_ci;

/*Data for the table `reply` */

insert  into `reply`(`id`,`topic_id`,`reply_user_id`,`content`,`create_time`,`update_time`,`device`) values (2,2,2,'测试留言2','2018-01-19 21:38:10','2018-01-19 01:07:07',NULL),(4,4,4,'测试评论1287','2018-01-20 11:54:11','2018-02-09 15:53:31',NULL),(5,4,4,'测试评论7689','2018-01-20 11:54:17','2018-02-09 15:52:15',NULL),(6,2,4,'测试评论64567575','2018-01-20 11:54:34','2018-02-09 15:52:23',NULL),(30,1,23,'chengshidd','2019-07-23 19:00:57','2019-07-23 19:00:57',NULL),(9,5,3,'测试评论2465','2018-01-20 16:10:37','2018-02-09 15:52:41',NULL),(10,7,4,'version ( HTTP/1.1 or HTTP/2 ) \r\n不错！','2018-01-20 20:14:15','2018-01-20 20:14:15',NULL),(11,7,4,'测试评论787','2018-01-20 20:14:21','2018-02-09 15:52:52',NULL),(12,7,4,'要是 server 也是一行 cli 代码就好了','2018-01-20 20:14:30','2018-01-20 20:14:30',NULL),(13,8,4,'这不是队列么……','2018-01-21 13:27:22','2018-01-21 13:27:22',NULL),(14,8,4,'活太轻，放队列里去感觉没那么大必要 :-)','2018-01-21 13:27:32','2018-01-21 13:27:32',NULL),(15,8,4,'测试评论4324','2018-01-24 14:01:52','2018-02-09 15:54:15',NULL),(17,11,2,'测试评论5466','2018-01-31 20:21:27','2018-02-09 15:54:42',NULL),(18,11,2,'http://mvnrepository.com/','2018-01-31 20:23:44','2018-01-31 20:23:44',NULL),(19,7,4,'测试评论1230','2018-02-08 21:18:57','2018-02-09 15:53:13',NULL),(20,7,4,'测试评论3453','2018-02-08 21:19:03','2018-02-09 15:54:09',NULL),(29,10,7,'111','2019-07-22 08:40:14','2019-07-22 08:40:14',NULL),(22,1,4,'测试评论54436','2018-02-08 21:41:58','2018-02-09 15:53:56',NULL),(25,11,1,'测试评论1214','2018-02-08 22:31:48','2018-02-09 15:53:38',NULL),(26,12,1,'测试评论65465','2018-02-09 11:18:08','2018-02-09 15:54:30',NULL),(27,12,6,'测试评论4364','2018-02-09 12:38:03','2018-02-09 15:54:24',NULL),(28,12,6,'嗯嗯','2018-02-09 15:46:39','2018-02-09 15:46:39',NULL);

/*Table structure for table `role` */

DROP TABLE IF EXISTS `role`;

CREATE TABLE `role` (
  `id` int(4) NOT NULL,
  `roleName` varchar(20) DEFAULT NULL,
  `roleDesc` varchar(20) DEFAULT NULL,
  PRIMARY KEY (`id`)
) ENGINE=InnoDB DEFAULT CHARSET=utf8mb4;

/*Data for the table `role` */

insert  into `role`(`id`,`roleName`,`roleDesc`) values (1,'ADMIN','admin'),(2,'USER','user');

/*Table structure for table `tab` */

DROP TABLE IF EXISTS `tab`;

CREATE TABLE `tab` (
  `id` int(11) NOT NULL AUTO_INCREMENT COMMENT '板块id',
  `tab_name` varchar(50) NOT NULL COMMENT '板块名',
  `tab_name_en` varchar(20) NOT NULL,
  PRIMARY KEY (`id`)
) ENGINE=MyISAM AUTO_INCREMENT=6 DEFAULT CHARSET=utf8mb4;

/*Data for the table `tab` */

insert  into `tab`(`id`,`tab_name`,`tab_name_en`) values (1,'干垃圾','tech'),(2,'湿垃圾','play'),(3,'可回收物','creative'),(4,'有害垃圾','jobs');

/*Table structure for table `topic` */

DROP TABLE IF EXISTS `topic`;

CREATE TABLE `topic` (
  `id` int(11) NOT NULL AUTO_INCREMENT COMMENT '帖子ID',
  `user_id` int(11) NOT NULL COMMENT '发帖人id',
  `create_time` timestamp NULL DEFAULT NULL COMMENT '创建时间',
  `update_time` timestamp NULL DEFAULT CURRENT_TIMESTAMP ON UPDATE CURRENT_TIMESTAMP COMMENT '最后更新时间',
  `title` varchar(200) NOT NULL COMMENT '标题',
  `content` text NOT NULL COMMENT '内容',
  `click` int(11) NOT NULL DEFAULT '0' COMMENT '点击量',
  `tab_id` tinyint(4) NOT NULL COMMENT '发布板块',
  PRIMARY KEY (`id`)
) ENGINE=MyISAM AUTO_INCREMENT=24 DEFAULT CHARSET=utf8mb4;

/*Data for the table `topic` */

insert  into `topic`(`id`,`user_id`,`create_time`,`update_time`,`title`,`content`,`click`,`tab_id`) values (1,2,'2018-01-20 20:02:13','2019-07-27 12:31:23','测试帖','测试：\r\n\r\n测试1；\r\n测试1；\r\n测试1；\r\n\r\n',150,1),(2,3,'2018-01-20 19:55:19','2019-07-23 18:59:42','小龙虾到底怎么分','实时?\r\n根据兴趣推荐？\r\n关注的频道优先推荐？\r\n根据天气、位置等客观参数推荐\r\n有收藏功能，能自动根据收藏发现兴趣，从而更好地推荐\r\n让更多的人变成内容的创作者而不是单单的阅读者？',120,1),(3,2,'2018-01-20 19:52:38','2019-07-23 18:59:36','这个问题有人进来讨论一下吗》','最近直播火热，网上也看到很多通过“抓图 - 文字识别 - 百度搜题推荐”的程序介绍，自己也整理了一份 \r\n###########举例###################### \r\n问题：9.中国历史上,在位时间最长的皇帝是? \r\n备选答案： [\'康熙\', \'乾隆\', \'刘彻\'] \r\n\r\nAnswer：	[\'刘彻(9.091%)\', \'康熙(63.636%)\', \'乾隆(27.273%)\'] \r\n####################################### \r\n想问问大家，对搜索答案这块的算法，怎么设计，有什么高见？ \r\n\r\n先抛砖引玉，目前想到的算法： \r\n1. 通过百度网页，请求问题，以答案选项作为关键字，数数判断（主流） \r\n2. 对答案采用“中文分词”，针对答案可能是 xxx-yyy-zzz 无法全字匹配的情况 \r\n3. 对问题进行“中文分词“，逆向搜索，针对 “下面那些不是美国的品牌”这类问题 \r\n\r\n对于 1 已经实现，之前也有人发过存在“不”的情况处理；目前想通过 jieba 实现 2 和 3，但是总感觉这块的思考不是“很专业”，请大家吐槽',31,1),(4,2,'2018-01-20 20:06:24','2019-07-22 11:00:45','分类是为了市容伐？现在垃圾桶都在马路边上，难道每个小区都是自扫门前雪，就达标了？','如题\r\n如题\n如题\n如题\n如题\n如题\n如题\n如题\n如题\n如题',27,1),(5,3,'2018-01-20 19:55:17','2019-07-22 11:01:41','执行层表决心的证据','要靠志愿者也是不现实的。\r\n其实现在这样乱哄哄就是为下一步垃圾收费做铺垫的，以后每家统一收垃圾费，\r\n先就是是要你老百姓吵，吵得越厉害，垃圾收费推进起来就越容易，时机一到，自然水到渠成，\r\n所以现在这些都不是目的，是手段，收费才是真正目的。你们以为领导傻啊，\r\n你们知道的他们会不知道？市领导做事的手腕，一开始就跟你讲垃圾要分类放，\r\n垃圾桶又少，又限时投放，肯定会有意见啊，\r\n还大热天搞，高大你们吃不消。好，受点垃圾费，老百姓想想也算了\r\n，总比闻臭味好，比天天给人家检查垃圾没隐私好。\r\n\r\n',37,1),(6,3,'2018-01-20 16:11:32','2019-07-22 11:02:36','奇奇怪怪的想法','能说一下喜欢的原因是最好的..',4,1),(7,4,'2018-01-20 20:13:57','2019-07-22 11:03:16','我觉得还行','我也来说说，我们小区撤桶定时定点投放已经半个多月了，\r\n现在小区里基本没什么人乱丢垃圾，大多数都是定时送到厢房，\r\n自己把湿垃圾破袋，然后在厢房的水龙头洗个手，或者把垃圾桶冲一下拎回去，\r\n我观察了几天，80几岁老爷爷也分的很干净',47,1),(9,4,'2018-01-24 16:57:44','2019-07-16 19:11:48','腾讯云能不能别给我发优惠券短信了','我对你的优惠券不感兴趣啊，能不能不要发了，每天都发，有时一天还要发好几次',68,2),(12,4,'2018-02-08 22:17:16','2019-07-20 09:36:51','Genesis祝各位会员新年好','Genesis祝各位会员新年好Genesis祝各位会员新年好',70,1),(13,7,'2019-07-15 15:56:13','2019-07-15 15:56:15','111','1111',1,1),(15,4,'2019-07-15 15:56:43','2019-07-20 09:41:24','吴佳兴cdd','1111',112,1),(16,7,'2019-07-15 15:59:03','2019-07-15 15:59:03','1111','1efff',0,1),(17,7,'2019-07-15 16:12:33','2019-07-15 16:12:35','æ¥æç¥å','1111',1,1),(18,7,'2019-07-15 16:18:40','2019-07-15 16:18:40','æ¥æç¥å','æ¥æ',0,1),(19,7,'2019-07-15 16:21:04','2019-07-15 16:21:04','å¾ªç¯ç»ææµç¨å¾','æ¥æ',0,1),(20,7,'2019-07-15 16:25:51','2019-07-16 19:09:53','å¾ªç¯ç»ææµç¨å¾','111',1,1),(21,7,'2019-07-15 16:28:50','2019-07-15 16:28:51','æ¥æç¥å','1111',1,1),(22,7,'2019-07-15 16:29:44','2019-07-16 19:09:46','æ¥æç¥å','111',3,1),(23,7,'2019-07-15 16:35:06','2019-07-20 08:58:32','日月神坛','日月',4,1);

/*Table structure for table `trash` */

DROP TABLE IF EXISTS `trash`;

CREATE TABLE `trash` (
  `id` int(4) NOT NULL AUTO_INCREMENT,
  `type` int(4) DEFAULT NULL,
  `trashName` varchar(400) DEFAULT NULL,
  `imagesrc` varchar(400) DEFAULT NULL,
  `desc` varchar(400) DEFAULT NULL,
  PRIMARY KEY (`id`)
) ENGINE=InnoDB AUTO_INCREMENT=41 DEFAULT CHARSET=utf8mb4;

/*Data for the table `trash` */

insert  into `trash`(`id`,`type`,`trashName`,`imagesrc`,`desc`) values (1,1,'剩菜剩饭','1-1.png','剩菜剩饭是日常生活中人们进食的剩余饭菜，因为其易分解，故属于湿垃圾'),(2,1,'树叶','1-2.png','树叶是有机的易腐的又不会给生态环境造成破坏的有机垃圾，故属于湿垃圾'),(3,1,'菜叶','1-3.png','菜叶是日常生活中折菜剩下的一些厨余垃圾，故属于湿垃圾'),(4,1,'肉类','1-4.png','肉类是人们日常生活中经常会吃的东西，具有易降解的特性，故称为湿垃圾'),(5,1,'鱼虾','1-5.png','鱼虾这一等和肉类一样，也是生物上的易腐垃圾，故归为湿垃圾'),(6,1,'蛋壳','1-6.png','湿垃圾，之所以有这么多垃圾分类，很多人顾名思义“湿”是区别于其他种类垃圾的地方，因为蛋壳上也难以避免会沾上部分蛋清所以把蛋壳归类为湿垃圾，虽然最终结果是对的。蛋壳是属于湿垃圾，但是能干湿垃圾不能仅仅从字面上的“干湿”判断。蛋壳是很典型的厨余垃圾，容易腐烂，所以属于湿垃圾'),(7,1,'鱼骨头','1-7.png','因为是厨余材料，也是易腐垃圾，所以划分为湿垃圾'),(8,1,'肉骨头','1-8.png','因为是厨余材料，也是易腐垃圾，所以划分为湿垃圾'),(9,1,'果皮','1-9.png','居民家庭生产出的厨余垃圾被划分在湿垃圾里面，故为湿垃圾'),(10,1,'鱼鳞','1-10.png','属于厨余中易腐烂的这一类垃圾，故为湿垃圾'),(11,2,'纸巾','2-1.png','干垃圾是除了三个垃圾分类以外的其他垃圾都称为干垃圾，故纸巾视为干垃圾，这里要说明湿纸巾也是干垃圾'),(12,2,'牙签','2-2.png','牙签应该归类到干垃圾分类下，像牙签这种木质产品一般是可以降解的，危害比较小，但没有再利用价值，会采用掩埋焚烧或者分解的方法来处理。'),(13,2,'拖把','2-3.png','干垃圾，即其它垃圾，是指除可回收物、有害垃圾、湿垃圾以外的其它生活废弃物。故拖把是干垃圾'),(14,2,'抹布','2-4.png','干垃圾，即其它垃圾，是指除可回收物、有害垃圾、湿垃圾以外的其它生活废弃物。干垃圾的投放，应尽量沥干水分，难以辨识类别的生活垃圾投入干垃圾容器内。'),(15,2,'一次性筷子','2-5.png','一次性筷子指使用一次就丢弃的筷子，又称\"方便筷\"。一次性筷子是社会生活快节奏的产物。主要有一次性木筷和一次性竹筷。一次性木筷造成大量林地被毁；而且劣质木筷并不干净。所以它是干垃圾'),(16,2,'陶瓷类废弃物','2-6.png','干垃圾，即其它垃圾，是指除可回收物、有害垃圾、湿垃圾以外的其它生活废弃物。故陶瓷类废弃物是干垃圾'),(17,2,'坛子','2-7.png','坛子，一般指用陶土做胚子烧成的用来腌制菜品或盛放物品的器物。不易变质，方便保存。所以被划分为干垃圾'),(18,2,'干电池','2-8.png','干电池是一种伏打电池，利用某种吸收剂（如木屑或明胶）使内含物成为不会外溢的糊状。常用作手电筒照明、收音机等的电源。故称其为干垃圾'),(19,2,'大块骨头','2-9.png','大块骨头不易处理，所以不算湿垃圾，故称其为干垃圾'),(20,2,'植物硬壳','2-10.png','植物硬壳一般由纤维素和木质素角质膜构成。不属于三类垃圾，故属于干垃圾'),(21,3,'电脑','3-1.png','电脑是金属垃圾以及可循环利用的物件，所以划分到可回收垃圾'),(22,3,'饮料瓶','3-2.png','饮料瓶是废塑料制品，其属于可回收利用生活废物，所以划分到可回收垃圾'),(23,3,'复印机','3-3.png','是可回收物，划分为可回收垃圾'),(24,3,'传真机','3-4.png','是可回收物，划分为可回收垃圾'),(25,3,'软捅','3-5.png','属于废塑料制品，所以划分为可回收垃圾'),(26,3,'沙发','3-6.png','沙发是可回收的生活废物，所以属于可回收垃圾'),(27,3,'电视机','3-7.png','电视机是可回收的生活废物，所以属于可回收垃圾'),(28,3,'白炽灯','3-8.png','可回收垃圾就是可以再生循环的垃圾。白炽灯本身玻璃塑料制作，所以属于可回收垃圾'),(29,3,'报纸','3-9.png','废纸包括包装纸，办公用纸，纸盒等，所以报纸属于可回收垃圾'),(30,3,'复印纸','3-10.png','废纸包括包装纸，办公用纸，纸盒等，所以复印纸属于可回收垃圾'),(31,4,'废弃药瓶','4-1.png','废弃药瓶中很可能含有过期药物，药物对人体会造成伤害，所以废弃药瓶是有害垃圾'),(32,4,'生石灰','4-2.png','主要成分氧化钙，具有较强的碱性，进入人体后会发生化学反应，所以是有害垃圾'),(33,4,'手机电池','4-3.png','手机电池一般用的是锂电池和镍氢电池，而镍氢对人体会产生危害，所以是有害垃圾'),(34,4,'废荧光灯灯管','4-4.png','传统型荧光灯即低压汞灯，是利用低气压的汞蒸气在通电后释放紫外线，从而使荧光粉发出可见光的原理发光，因为其中含有汞，所以对人体有害，故其属于有害垃圾'),(35,4,'医用牙签','4-5.png','医用棉签用过以后会含有很多的细菌，不可再生，故属于有害垃圾'),(36,4,'废农药','4-6.png','农药用来杀虫或者用来促进植物生长，其中有很多化学成分对人体健康造成伤害'),(37,4,'废水银血压计','4-7.png','水印主要成分是汞，对人有害，所以属于有害垃圾'),(38,4,'树脂','4-8.png','树脂是聚乙烯或者是和聚苯乙烯这种等等，其分子式不尽相同，树脂的成分可能会引起中毒，导致人的健康受到危害。故属于有害垃圾'),(39,4,'医用针管','4-9.png','医用针管都是一次性使用，所以其上会含有被输液者的血液等等，于其他人可能会有危害，故属于有害垃圾'),(40,4,'油漆桶','4-10.png','油漆是以有机溶剂为介质或高固体、无溶剂的油性漆。2017年10月27日，世界卫生组织国际癌症研究机构公布的致癌物清单初步整理参考，油漆制造（职业暴露）在3类致癌物清单中。因为油漆会致癌，所以装油漆的桶也会有油漆残留，故其为有害垃圾');

/*Table structure for table `trashtype` */

DROP TABLE IF EXISTS `trashtype`;

CREATE TABLE `trashtype` (
  `id` int(4) NOT NULL,
  `TypeName` varchar(200) DEFAULT NULL,
  `introduction` varchar(200) DEFAULT NULL,
  `tip1` varchar(900) DEFAULT NULL,
  `tip2` varchar(900) DEFAULT NULL,
  `tip3` varchar(900) DEFAULT NULL,
  PRIMARY KEY (`id`)
) ENGINE=InnoDB DEFAULT CHARSET=utf8mb4;

/*Data for the table `trashtype` */

insert  into `trashtype`(`id`,`TypeName`,`introduction`,`tip1`,`tip2`,`tip3`) values (1,'湿垃圾','即易腐垃圾，易腐生物质生活废弃物','沥干水分','有外包装的应去除外包装','与其他种类垃圾分开投放'),(2,'干垃圾','除其他三类垃圾外的生活废弃物','易碎或已污染的，应包裹后投放','投放时，应保持周边环境整洁','与其他种类垃圾分开投放'),(3,'可回收物','指适宜回收可循环利用的废弃物','投放时应尽量保持清洁干燥，避免污染','有内容物的，应清空并且节后压扁投放','易碎尖锐的，应包裹后投放'),(4,'有害垃圾','指对人体健康或者自然环境造成直接或潜在危害的废弃物','分类头发昂有害垃圾时，','易碎尖锐的，应连带包装或包裹后投放','压力罐装容器，应排空内容物后投放');

/*Table structure for table `user` */

DROP TABLE IF EXISTS `user`;

CREATE TABLE `user` (
  `id` int(11) NOT NULL AUTO_INCREMENT COMMENT '用户唯一ID',
  `username` varchar(30) NOT NULL COMMENT '用户名',
  `password` varchar(50) NOT NULL COMMENT '密码',
  `email` varchar(50) DEFAULT NULL COMMENT '邮箱',
  `phone_num` varchar(15) DEFAULT NULL COMMENT '手机号',
  `create_time` timestamp NULL DEFAULT NULL COMMENT '创建时间',
  `update_time` timestamp NULL DEFAULT CURRENT_TIMESTAMP ON UPDATE CURRENT_TIMESTAMP COMMENT '更新时间',
  `credit` int(11) NOT NULL COMMENT '积分',
  `avatar` varchar(100) DEFAULT NULL COMMENT '头像url',
  `type` int(4) NOT NULL DEFAULT '0' COMMENT '用户类型,0为普通用户,1为管理员',
  PRIMARY KEY (`id`)
) ENGINE=MyISAM AUTO_INCREMENT=25 DEFAULT CHARSET=utf8mb4;

/*Data for the table `user` */

insert  into `user`(`id`,`username`,`password`,`email`,`phone_num`,`create_time`,`update_time`,`credit`,`avatar`,`type`) values (1,'likky','E10ADC3949BA59ABBE56E057F20F883E','123456789@126.com','8615712345678','2018-02-08 23:06:40','2018-02-09 15:57:05',23,'/img/avatar/avatar-default-1.png',0),(2,'withstars','E10ADC3949BA59ABBE56E057F20F883E','987654321@qq.com','8616978945612','2018-01-31 20:16:54','2018-02-09 15:57:21',10,'/img/avatar/avatar-default-2.png',0),(3,'yilia','E10ADC3949BA59ABBE56E057F20F883E','147258369@qq.com','8615963248962','2018-01-20 14:18:58','2018-02-09 15:56:29',0,'/img/avatar/avatar-default-3.png',0),(4,'sassy','E10ADC3949BA59ABBE56E057F20F883E','159357846@qq.com','8612543434343','2018-02-08 22:17:16','2018-02-09 15:56:39',156,'/img/avatar/avatar-default-4.png',0),(6,'objectc','A45958517604F5CD90D6EE51AD9CFDB6','963852741@qq.com','8619345321598','2018-02-09 12:36:39','2018-02-09 15:56:46',7,'/img/avatar/avatar-default-5.png',0),(7,'ljwcdd','E10ADC3949BA59ABBE56E057F20F883E','123456@126.com','86111111111','2019-07-15 15:55:30','2019-07-22 08:47:15',64,'/img/avatar/avatar-default-6.png',0),(23,'aaa','202CB962AC59075B964B07152D234B70','11111@126.com','8611111','2019-07-18 16:29:07','2019-07-23 19:00:57',20,'/img/avatar/avatar-default-1.png',1),(24,'1111','B59C67BF196A4758191E42F76670CEBA','111@qq.com','8615927208106','2019-07-20 08:51:47','2019-07-20 09:05:07',2,'/img/avatar/avatar-default-9.png',0);

/*!40101 SET SQL_MODE=@OLD_SQL_MODE */;
/*!40014 SET FOREIGN_KEY_CHECKS=@OLD_FOREIGN_KEY_CHECKS */;
/*!40014 SET UNIQUE_CHECKS=@OLD_UNIQUE_CHECKS */;
/*!40111 SET SQL_NOTES=@OLD_SQL_NOTES */;
